{
  "version": 3,
  "targets": {
    ".NETFramework,Version=v4.6.1": {
      "AvalonEdit/5.0.3": {
        "type": "package",
        "compile": {
          "lib/Net40/_._": {}
        },
        "runtime": {
          "lib/Net40/ICSharpCode.AvalonEdit.dll": {}
        }
      },
      "BouncyCastle/1.8.1": {
        "type": "package",
        "compile": {
          "lib/_._": {}
        },
        "runtime": {
          "lib/BouncyCastle.Crypto.dll": {}
        }
      },
      "Caliburn.Micro/3.0.1": {
        "type": "package",
        "dependencies": {
          "Caliburn.Micro.Core": "[3.0.1]"
        },
        "compile": {
          "lib/net45/_._": {}
        },
        "runtime": {
          "lib/net45/Caliburn.Micro.Platform.Core.dll": {},
          "lib/net45/Caliburn.Micro.Platform.dll": {},
          "lib/net45/System.Windows.Interactivity.dll": {}
        }
      },
      "Caliburn.Micro.Core/3.0.1": {
        "type": "package",
        "compile": {
          "lib/net45/_._": {}
        },
        "runtime": {
          "lib/net45/Caliburn.Micro.dll": {}
        }
      },
      "ClosedXML/0.87.1": {
        "type": "package",
        "dependencies": {
          "DocumentFormat.OpenXml": "2.5.0"
        },
        "compile": {
          "lib/net40/_._": {}
        },
        "runtime": {
          "lib/net40/ClosedXML.dll": {}
        }
      },
      "CsvHelper/2.13.5": {
        "type": "package",
        "compile": {
          "lib/net40-client/_._": {}
        },
        "runtime": {
          "lib/net40-client/CsvHelper.dll": {}
        }
      },
      "DocumentFormat.OpenXml/2.5.0": {
        "type": "package",
        "compile": {
          "lib/_._": {}
        },
        "runtime": {
          "lib/DocumentFormat.OpenXml.dll": {}
        }
      },
      "Extended.Wpf.Toolkit/2.8.0": {
        "type": "package",
        "frameworkAssemblies": [
          "PresentationCore",
          "PresentationFramework",
          "System",
          "System.Xaml",
          "WindowsBase"
        ],
        "compile": {
          "lib/net40/_._": {}
        },
        "runtime": {
          "lib/net40/Xceed.Wpf.AvalonDock.Themes.Aero.dll": {},
          "lib/net40/Xceed.Wpf.AvalonDock.Themes.Metro.dll": {},
          "lib/net40/Xceed.Wpf.AvalonDock.Themes.VS2010.dll": {},
          "lib/net40/Xceed.Wpf.AvalonDock.dll": {},
          "lib/net40/Xceed.Wpf.DataGrid.dll": {},
          "lib/net40/Xceed.Wpf.Toolkit.dll": {}
        },
        "resource": {
          "lib/net40/de/Xceed.Wpf.AvalonDock.resources.dll": {
            "locale": "de"
          },
          "lib/net40/es/Xceed.Wpf.AvalonDock.resources.dll": {
            "locale": "es"
          },
          "lib/net40/fr/Xceed.Wpf.AvalonDock.resources.dll": {
            "locale": "fr"
          },
          "lib/net40/hu/Xceed.Wpf.AvalonDock.resources.dll": {
            "locale": "hu"
          },
          "lib/net40/it/Xceed.Wpf.AvalonDock.resources.dll": {
            "locale": "it"
          },
          "lib/net40/pt-BR/Xceed.Wpf.AvalonDock.resources.dll": {
            "locale": "pt-BR"
          },
          "lib/net40/ro/Xceed.Wpf.AvalonDock.resources.dll": {
            "locale": "ro"
          },
          "lib/net40/ru/Xceed.Wpf.AvalonDock.resources.dll": {
            "locale": "ru"
          },
          "lib/net40/sv/Xceed.Wpf.AvalonDock.resources.dll": {
            "locale": "sv"
          },
          "lib/net40/zh-Hans/Xceed.Wpf.AvalonDock.resources.dll": {
            "locale": "zh-Hans"
          }
        }
      },
      "Humanizer.Core/2.4.2": {
        "type": "package",
        "compile": {
          "lib/netstandard2.0/_._": {}
        },
        "runtime": {
          "lib/netstandard2.0/Humanizer.dll": {}
        }
      },
      "Microsoft.Exchange.WebServices/2.2.0": {
        "type": "package",
        "compile": {
          "lib/40/_._": {}
        },
        "runtime": {
          "lib/40/Microsoft.Exchange.WebServices.Auth.dll": {},
          "lib/40/Microsoft.Exchange.WebServices.dll": {}
        }
      },
      "Microsoft.Rest.ClientRuntime/2.3.10": {
        "type": "package",
        "dependencies": {
          "Newtonsoft.Json": "6.0.8"
        },
        "compile": {
          "lib/net452/_._": {}
        },
        "runtime": {
          "lib/net452/Microsoft.Rest.ClientRuntime.dll": {}
        }
      },
      "Microsoft.VisualStudio.OLE.Interop/7.10.6071": {
        "type": "package",
        "compile": {
          "lib/_._": {}
        },
        "runtime": {
          "lib/Microsoft.VisualStudio.OLE.Interop.dll": {}
        }
      },
      "Newtonsoft.Json/10.0.3": {
        "type": "package",
        "compile": {
          "lib/net45/_._": {}
        },
        "runtime": {
          "lib/net45/Newtonsoft.Json.dll": {}
        }
      },
      "NPOI/2.4.1": {
        "type": "package",
        "dependencies": {
          "SharpZipLib": "1.0.0"
        },
        "compile": {
          "lib/net45/_._": {}
        },
        "runtime": {
          "lib/net45/NPOI.OOXML.dll": {},
          "lib/net45/NPOI.OpenXml4Net.dll": {},
          "lib/net45/NPOI.OpenXmlFormats.dll": {},
          "lib/net45/NPOI.dll": {}
        }
      },
      "RestSharp/105.0.1": {
        "type": "package",
        "compile": {
          "lib/net4/_._": {}
        },
        "runtime": {
          "lib/net4/RestSharp.dll": {}
        }
      },
      "SharpZipLib/1.0.0": {
        "type": "package",
        "compile": {
          "lib/net45/_._": {}
        },
        "runtime": {
          "lib/net45/ICSharpCode.SharpZipLib.dll": {}
        }
      },
      "UiPath/10.0.6929.25268": {
        "type": "package",
        "compile": {
          "lib/_._": {}
        },
        "runtime": {
          "lib/UiPath.Interop.dll": {}
        },
        "build": {
          "build/_._": {}
        }
      },
      "UiPath.Excel.Activities/2.5.1": {
        "type": "package",
        "dependencies": {
          "ClosedXML": "0.87.1",
          "CsvHelper": "2.13.5",
          "DocumentFormat.OpenXml": "2.5.0",
          "Microsoft.VisualStudio.OLE.Interop": "7.10.6071",
          "NPOI": "2.4.1",
          "SharpZipLib": "1.0.0"
        },
        "compile": {
          "lib/net452/_._": {}
        },
        "runtime": {
          "lib/net452/UiPath.Excel.Activities.Design.dll": {},
          "lib/net452/UiPath.Excel.Activities.dll": {},
          "lib/net452/UiPath.Excel.dll": {}
        },
        "resource": {
          "lib/net452/fr/UiPath.Excel.Activities.Design.resources.dll": {
            "locale": "fr"
          },
          "lib/net452/fr/UiPath.Excel.Activities.resources.dll": {
            "locale": "fr"
          },
          "lib/net452/fr/UiPath.Excel.resources.dll": {
            "locale": "fr"
          },
          "lib/net452/ja/UiPath.Excel.Activities.Design.resources.dll": {
            "locale": "ja"
          },
          "lib/net452/ja/UiPath.Excel.Activities.resources.dll": {
            "locale": "ja"
          },
          "lib/net452/ja/UiPath.Excel.resources.dll": {
            "locale": "ja"
          },
          "lib/net452/ru/UiPath.Excel.Activities.Design.resources.dll": {
            "locale": "ru"
          },
          "lib/net452/ru/UiPath.Excel.Activities.resources.dll": {
            "locale": "ru"
          },
          "lib/net452/ru/UiPath.Excel.resources.dll": {
            "locale": "ru"
          }
        }
      },
      "UiPath.Mail.Activities/1.3.0": {
        "type": "package",
        "dependencies": {
          "BouncyCastle": "1.8.1",
          "Microsoft.Exchange.WebServices": "2.2.0"
        },
        "compile": {
          "lib/net452/_._": {}
        },
        "runtime": {
          "lib/net452/MailKit.dll": {},
          "lib/net452/MimeKit.dll": {},
          "lib/net452/UiPath.Mail.Activities.Design.dll": {},
          "lib/net452/UiPath.Mail.Activities.dll": {},
          "lib/net452/UiPath.Mail.dll": {}
        },
        "resource": {
          "lib/net452/fr/UiPath.Mail.Activities.Design.resources.dll": {
            "locale": "fr"
          },
          "lib/net452/fr/UiPath.Mail.Activities.resources.dll": {
            "locale": "fr"
          },
          "lib/net452/fr/UiPath.Mail.resources.dll": {
            "locale": "fr"
          },
          "lib/net452/ja/UiPath.Mail.Activities.Design.resources.dll": {
            "locale": "ja"
          },
          "lib/net452/ja/UiPath.Mail.Activities.resources.dll": {
            "locale": "ja"
          },
          "lib/net452/ja/UiPath.Mail.resources.dll": {
            "locale": "ja"
          },
          "lib/net452/ru/UiPath.Mail.Activities.Design.resources.dll": {
            "locale": "ru"
          },
          "lib/net452/ru/UiPath.Mail.Activities.resources.dll": {
            "locale": "ru"
          },
          "lib/net452/ru/UiPath.Mail.resources.dll": {
            "locale": "ru"
          }
        }
      },
      "UiPath.System.Activities/18.4.2": {
        "type": "package",
        "dependencies": {
          "CsvHelper": "2.13.5",
          "Microsoft.Rest.ClientRuntime": "2.3.10",
          "Newtonsoft.Json": "10.0.3"
        },
        "compile": {
          "lib/net461/_._": {}
        },
        "runtime": {
          "lib/net461/ActiproSoftware.Docking.Wpf.dll": {},
          "lib/net461/ActiproSoftware.Ribbon.Wpf.dll": {},
          "lib/net461/ActiproSoftware.Shared.Wpf.dll": {},
          "lib/net461/ActiproSoftware.SyntaxEditor.Addons.DotNet.Wpf.dll": {},
          "lib/net461/ActiproSoftware.SyntaxEditor.Wpf.dll": {},
          "lib/net461/ActiproSoftware.Text.Addons.DotNet.Wpf.dll": {},
          "lib/net461/ActiproSoftware.Text.LLParser.Wpf.dll": {},
          "lib/net461/ActiproSoftware.Text.Wpf.dll": {},
          "lib/net461/ActiproSoftware.Wizard.Wpf.dll": {},
          "lib/net461/UiPath.OrchestratorClient.dll": {},
          "lib/net461/UiPath.System.Activities.Design.dll": {},
          "lib/net461/UiPath.System.Activities.dll": {}
        },
        "resource": {
          "lib/net461/fr/UiPath.System.Activities.Design.resources.dll": {
            "locale": "fr"
          },
          "lib/net461/fr/UiPath.System.Activities.resources.dll": {
            "locale": "fr"
          },
          "lib/net461/ja/UiPath.System.Activities.Design.resources.dll": {
            "locale": "ja"
          },
          "lib/net461/ja/UiPath.System.Activities.resources.dll": {
            "locale": "ja"
          },
          "lib/net461/ru/UiPath.System.Activities.Design.resources.dll": {
            "locale": "ru"
          },
          "lib/net461/ru/UiPath.System.Activities.resources.dll": {
            "locale": "ru"
          }
        }
      },
      "UiPath.UIAutomation.Activities/18.4.3": {
        "type": "package",
        "dependencies": {
          "AvalonEdit": "5.0.3",
          "Caliburn.Micro": "3.0.1",
          "Extended.Wpf.Toolkit": "2.8.0",
          "Humanizer.Core": "2.4.2",
          "UiPath": "10.0.6929.25268",
          "UiPath.Vision": "1.2.0"
        },
        "compile": {
          "lib/net461/_._": {}
        },
        "runtime": {
          "lib/net461/ActiproSoftware.Docking.Wpf.dll": {},
          "lib/net461/ActiproSoftware.Editors.Wpf.dll": {},
          "lib/net461/ActiproSoftware.Ribbon.Wpf.dll": {},
          "lib/net461/ActiproSoftware.Shared.Wpf.dll": {},
          "lib/net461/ActiproSoftware.SyntaxEditor.Addons.DotNet.Wpf.dll": {},
          "lib/net461/ActiproSoftware.SyntaxEditor.Wpf.dll": {},
          "lib/net461/ActiproSoftware.Text.Addons.DotNet.Wpf.dll": {},
          "lib/net461/ActiproSoftware.Text.LLParser.Wpf.dll": {},
          "lib/net461/ActiproSoftware.Text.Wpf.dll": {},
          "lib/net461/ActiproSoftware.Wizard.Wpf.dll": {},
          "lib/net461/UiPath.UIAutomation.Activities.Design.dll": {},
          "lib/net461/UiPath.UiAutomation.Activities.dll": {},
          "lib/net461/UiPath.Wizards.dll": {}
        },
        "resource": {
          "lib/net461/fr/UiPath.UIAutomation.Activities.Design.resources.dll": {
            "locale": "fr"
          },
          "lib/net461/fr/UiPath.UiAutomation.Activities.resources.dll": {
            "locale": "fr"
          },
          "lib/net461/fr/UiPath.Wizards.resources.dll": {
            "locale": "fr"
          },
          "lib/net461/ja/UiPath.UIAutomation.Activities.Design.resources.dll": {
            "locale": "ja"
          },
          "lib/net461/ja/UiPath.UiAutomation.Activities.resources.dll": {
            "locale": "ja"
          },
          "lib/net461/ja/UiPath.Wizards.resources.dll": {
            "locale": "ja"
          },
          "lib/net461/ru/UiPath.UIAutomation.Activities.Design.resources.dll": {
            "locale": "ru"
          },
          "lib/net461/ru/UiPath.UiAutomation.Activities.resources.dll": {
            "locale": "ru"
          },
          "lib/net461/ru/UiPath.Wizards.resources.dll": {
            "locale": "ru"
          }
        }
      },
      "UiPath.Vision/1.2.0": {
        "type": "package",
        "compile": {
          "lib/net452/_._": {}
        },
        "runtime": {
          "lib/net452/UiPath.Vision.Core.dll": {},
          "lib/net452/UiPath.Vision.dll": {}
        }
      },
      "UiPathTeam.Salesforce.Lightning_Platform.Activities/1.0.0.725": {
        "type": "package",
        "dependencies": {
          "Newtonsoft.Json": "8.0.3",
          "RestSharp": "105.0.1"
        },
        "compile": {
          "lib/net452/_._": {}
        },
        "runtime": {
          "lib/net452/UiPathTeam.Salesforce.Lightning_Platform.Activities.dll": {},
          "lib/net452/UiPathTeam.Salesforce.Lightning_Platform.dll": {}
        }
      }
    }
  },
  "libraries": {
    "AvalonEdit/5.0.3": {
      "sha512": "O7qf3H3SP2VrQujwmzvb3hJ+lw4rNWcZkpMH8T0qb/cA1UccoJIZ9qL/+DM7bws9l8Hxnyk7GUYVFrCSZeH+uA==",
      "type": "package",
      "path": "avalonedit/5.0.3",
      "files": [
        ".signature.p7s",
        "avalonedit.5.0.3.nupkg.sha512",
        "avalonedit.nuspec",
        "lib/Net35/ICSharpCode.AvalonEdit.dll",
        "lib/Net35/ICSharpCode.AvalonEdit.xml",
        "lib/Net40/ICSharpCode.AvalonEdit.dll",
        "lib/Net40/ICSharpCode.AvalonEdit.xml"
      ]
    },
    "BouncyCastle/1.8.1": {
      "sha512": "nH+P67LavO5EcxjKdBxFfRdfdFhivS3Xp3+0br1KcpCI8DM6ksCWy6YYZjk7XFV+VsHGtkUovwIZ/vmCp42geA==",
      "type": "package",
      "path": "bouncycastle/1.8.1",
      "files": [
        "Readme.txt",
        "bouncycastle.1.8.1.nupkg.sha512",
        "bouncycastle.nuspec",
        "lib/BouncyCastle.Crypto.dll"
      ]
    },
    "Caliburn.Micro/3.0.1": {
      "sha512": "34GUogBL8tS1rWCSugKwaOdmZZz162JC0K3HCSPuSlkCZwA1zDTspUp7owXigOjliCSiBzP1ltBFMWpLxs9BtQ==",
      "type": "package",
      "path": "caliburn.micro/3.0.1",
      "files": [
        ".signature.p7s",
        "caliburn.micro.3.0.1.nupkg.sha512",
        "caliburn.micro.nuspec",
        "lib/MonoAndroid10/Caliburn.Micro.Platform.Core.dll",
        "lib/MonoAndroid10/Caliburn.Micro.Platform.Core.xml",
        "lib/MonoAndroid10/Caliburn.Micro.Platform.dll",
        "lib/MonoAndroid10/Caliburn.Micro.Platform.xml",
        "lib/MonoTouch10/Caliburn.Micro.Platform.Core.dll",
        "lib/MonoTouch10/Caliburn.Micro.Platform.Core.dll.mdb",
        "lib/MonoTouch10/Caliburn.Micro.Platform.Core.xml",
        "lib/MonoTouch10/Caliburn.Micro.Platform.dll",
        "lib/MonoTouch10/Caliburn.Micro.Platform.xml",
        "lib/MonoTouch10/Caliburn.Micro.dll.mdb",
        "lib/Xamarin.iOS10/Caliburn.Micro.Platform.Core.dll",
        "lib/Xamarin.iOS10/Caliburn.Micro.Platform.Core.dll.mdb",
        "lib/Xamarin.iOS10/Caliburn.Micro.Platform.Core.xml",
        "lib/Xamarin.iOS10/Caliburn.Micro.Platform.dll",
        "lib/Xamarin.iOS10/Caliburn.Micro.Platform.xml",
        "lib/Xamarin.iOS10/Caliburn.Micro.dll.mdb",
        "lib/net40/Caliburn.Micro.Platform.dll",
        "lib/net40/Caliburn.Micro.Platform.xml",
        "lib/net40/System.Windows.Interactivity.dll",
        "lib/net40/System.Windows.Interactivity.xml",
        "lib/net45/Caliburn.Micro.Platform.Core.dll",
        "lib/net45/Caliburn.Micro.Platform.Core.xml",
        "lib/net45/Caliburn.Micro.Platform.dll",
        "lib/net45/Caliburn.Micro.Platform.xml",
        "lib/net45/System.Windows.Interactivity.dll",
        "lib/sl5/Caliburn.Micro.Platform.dll",
        "lib/sl5/Caliburn.Micro.Platform.xml",
        "lib/sl5/System.Windows.Interactivity.dll",
        "lib/uap10.0/Caliburn.Micro.Platform.Core.dll",
        "lib/uap10.0/Caliburn.Micro.Platform.Core.xml",
        "lib/uap10.0/Caliburn.Micro.Platform.UWP.XML",
        "lib/uap10.0/Caliburn.Micro.Platform.UWP.dll",
        "lib/uap10.0/Caliburn.Micro.Platform.UWP.pri",
        "lib/uap10.0/Caliburn.Micro.Platform.UWP/Properties/Caliburn.Micro.Platform.UWP.rd.xml",
        "lib/win81/Caliburn.Micro.Platform.Core.dll",
        "lib/win81/Caliburn.Micro.Platform.Core.xml",
        "lib/win81/Caliburn.Micro.Platform.XML",
        "lib/win81/Caliburn.Micro.Platform.dll",
        "lib/win81/Caliburn.Micro.Platform.pri",
        "lib/win81/Microsoft.Xaml.Interactions.dll",
        "lib/win81/Microsoft.Xaml.Interactivity.dll",
        "lib/wp8/Caliburn.Micro.Platform.Core.dll",
        "lib/wp8/Caliburn.Micro.Platform.Core.xml",
        "lib/wp8/Caliburn.Micro.Platform.dll",
        "lib/wp8/Caliburn.Micro.Platform.xml",
        "lib/wp8/System.Windows.Interactivity.dll",
        "lib/wpa81/Caliburn.Micro.Platform.Core.dll",
        "lib/wpa81/Caliburn.Micro.Platform.Core.xml",
        "lib/wpa81/Caliburn.Micro.Platform.dll",
        "lib/wpa81/Caliburn.Micro.Platform.pri",
        "lib/wpa81/Caliburn.Micro.Platform.xml",
        "lib/wpa81/Microsoft.Xaml.Interactions.dll",
        "lib/wpa81/Microsoft.Xaml.Interactivity.dll"
      ]
    },
    "Caliburn.Micro.Core/3.0.1": {
      "sha512": "rYCObUe1g/ks4kTEPMFc4yFShYWkL6P5sfUsJOPGSKPXCsnKXL0XaclU3XGWAHBeNTPBgJO9pJBfMBcaq3iyRg==",
      "type": "package",
      "path": "caliburn.micro.core/3.0.1",
      "files": [
        ".signature.p7s",
        "caliburn.micro.core.3.0.1.nupkg.sha512",
        "caliburn.micro.core.nuspec",
        "lib/net40/Caliburn.Micro.XML",
        "lib/net40/Caliburn.Micro.dll",
        "lib/net45/Caliburn.Micro.dll",
        "lib/net45/Caliburn.Micro.xml",
        "lib/portable-net45+win8+wp8+wpa81+MonoAndroid10+Xamarin.iOS10+MonoTouch10+uap10.0/Caliburn.Micro.XML",
        "lib/portable-net45+win8+wp8+wpa81+MonoAndroid10+Xamarin.iOS10+MonoTouch10+uap10.0/Caliburn.Micro.dll",
        "lib/portable-net45+win8+wp8+wpa81+MonoAndroid10+Xamarin.iOS10+MonoTouch10+uap10.0/Caliburn.Micro.dll.mdb",
        "lib/sl5/Caliburn.Micro.XML",
        "lib/sl5/Caliburn.Micro.dll"
      ]
    },
    "ClosedXML/0.87.1": {
      "sha512": "2LC0T8bu2G2kt34C4Ig87uZfrRO4MwMVI54e2To7m3DvwAs2Z2Ir86WQuUoW8Txo1uNGSfmu3DpfpQhSX0bIww==",
      "type": "package",
      "path": "closedxml/0.87.1",
      "files": [
        "closedxml.0.87.1.nupkg.sha512",
        "closedxml.nuspec",
        "lib/net35/ClosedXML.dll",
        "lib/net35/ClosedXML.pdb",
        "lib/net35/ClosedXML.xml",
        "lib/net40/ClosedXML.dll",
        "lib/net40/ClosedXML.pdb",
        "lib/net40/ClosedXML.xml"
      ]
    },
    "CsvHelper/2.13.5": {
      "sha512": "fC8DPi/YTcZ8uXFiAeuT9EpsR2TE5cSJ2jg/4tht/Oen6az/djebpYoCQEtI33RfNrSZ533SedOknlWtUTX3fw==",
      "type": "package",
      "path": "csvhelper/2.13.5",
      "files": [
        "csvhelper.2.13.5.nupkg.sha512",
        "csvhelper.nuspec",
        "lib/net20/CsvHelper.dll",
        "lib/net20/CsvHelper.pdb",
        "lib/net20/CsvHelper.xml",
        "lib/net35-client/CsvHelper.dll",
        "lib/net35-client/CsvHelper.pdb",
        "lib/net35-client/CsvHelper.xml",
        "lib/net40-client/CsvHelper.dll",
        "lib/net40-client/CsvHelper.pdb",
        "lib/net40-client/CsvHelper.xml",
        "lib/portable-net40+sl5+win8+wpa+wp8/CsvHelper.dll",
        "lib/portable-net40+sl5+win8+wpa+wp8/CsvHelper.pdb",
        "lib/portable-net40+sl5+win8+wpa+wp8/CsvHelper.xml"
      ]
    },
    "DocumentFormat.OpenXml/2.5.0": {
      "sha512": "H5jnox0hcLwzAjrpNqDPIItjh7dplF1kk1z8LatpI2h75wBgps1MepEttJFKs7xedQReCMHA0tGpNI0H2B+Mrg==",
      "type": "package",
      "path": "documentformat.openxml/2.5.0",
      "files": [
        "documentformat.openxml.2.5.0.nupkg.sha512",
        "documentformat.openxml.nuspec",
        "lib/DocumentFormat.OpenXml.dll"
      ]
    },
    "Extended.Wpf.Toolkit/2.8.0": {
      "sha512": "YzLQ/sB91g0gRftvlPGOqYJe6TwiPTQoYhO+4ZSsnxaMEQZ5KZIQySTtsTWZ0HJC5+xrgk1Z/if7kjY4cSRPdw==",
      "type": "package",
      "path": "extended.wpf.toolkit/2.8.0",
      "files": [
        ".signature.p7s",
        "extended.wpf.toolkit.2.8.0.nupkg.sha512",
        "extended.wpf.toolkit.nuspec",
        "lib/net35/WPFToolkit.dll",
        "lib/net35/Xceed.Wpf.Toolkit.dll",
        "lib/net40/Xceed.Wpf.AvalonDock.Themes.Aero.dll",
        "lib/net40/Xceed.Wpf.AvalonDock.Themes.Metro.dll",
        "lib/net40/Xceed.Wpf.AvalonDock.Themes.VS2010.dll",
        "lib/net40/Xceed.Wpf.AvalonDock.dll",
        "lib/net40/Xceed.Wpf.DataGrid.dll",
        "lib/net40/Xceed.Wpf.Toolkit.dll",
        "lib/net40/de/Xceed.Wpf.AvalonDock.resources.dll",
        "lib/net40/es/Xceed.Wpf.AvalonDock.resources.dll",
        "lib/net40/fr/Xceed.Wpf.AvalonDock.resources.dll",
        "lib/net40/hu/Xceed.Wpf.AvalonDock.resources.dll",
        "lib/net40/it/Xceed.Wpf.AvalonDock.resources.dll",
        "lib/net40/pt-BR/Xceed.Wpf.AvalonDock.resources.dll",
        "lib/net40/ro/Xceed.Wpf.AvalonDock.resources.dll",
        "lib/net40/ru/Xceed.Wpf.AvalonDock.resources.dll",
        "lib/net40/sv/Xceed.Wpf.AvalonDock.resources.dll",
        "lib/net40/zh-Hans/Xceed.Wpf.AvalonDock.resources.dll",
        "tools/install.ps1"
      ]
    },
    "Humanizer.Core/2.4.2": {
      "sha512": "A8amPZrfrFU+6BO+t/NLejofWah39XsRuovQqaHdYYtXANM+dexMrc+AbLmuH3qNV4hJv6FArBsBBtZcaODLZg==",
      "type": "package",
      "path": "humanizer.core/2.4.2",
      "files": [
        ".signature.p7s",
        "humanizer.core.2.4.2.nupkg.sha512",
        "humanizer.core.nuspec",
        "lib/netstandard1.0/Humanizer.dll",
        "lib/netstandard1.0/Humanizer.xml",
        "lib/netstandard2.0/Humanizer.dll",
        "lib/netstandard2.0/Humanizer.xml"
      ]
    },
    "Microsoft.Exchange.WebServices/2.2.0": {
      "sha512": "NlkaTD0uWtg9VbiWq0VDWMBPzHFknH3tmstrxt0acrT09LBGqATTjRpsGOODz6tUdX7/dehBinxsf75U5Uw/+A==",
      "type": "package",
      "path": "microsoft.exchange.webservices/2.2.0",
      "files": [
        "doc/License Terms.rtf",
        "doc/README.htm",
        "doc/Redist.txt",
        "lib/40/Microsoft.Exchange.WebServices.Auth.dll",
        "lib/40/Microsoft.Exchange.WebServices.Auth.pdb",
        "lib/40/Microsoft.Exchange.WebServices.Auth.xml",
        "lib/40/Microsoft.Exchange.WebServices.dll",
        "lib/40/Microsoft.Exchange.WebServices.pdb",
        "lib/40/Microsoft.Exchange.WebServices.xml",
        "microsoft.exchange.webservices.2.2.0.nupkg.sha512",
        "microsoft.exchange.webservices.nuspec"
      ]
    },
    "Microsoft.Rest.ClientRuntime/2.3.10": {
      "sha512": "a30J6t7LRkYx974tLaRnJc/dYZ1M7uhc5vdgULxdhL7HJNJydG7e+jyAVD15gK+vFR1i9MH+5Ch9t1zhb/Lp1g==",
      "type": "package",
      "path": "microsoft.rest.clientruntime/2.3.10",
      "files": [
        ".signature.p7s",
        "lib/net452/Microsoft.Rest.ClientRuntime.dll",
        "lib/net452/Microsoft.Rest.ClientRuntime.runtimeconfig.json",
        "lib/net452/Microsoft.Rest.ClientRuntime.xml",
        "lib/netstandard1.4/Microsoft.Rest.ClientRuntime.dll",
        "lib/netstandard1.4/Microsoft.Rest.ClientRuntime.runtimeconfig.json",
        "lib/netstandard1.4/Microsoft.Rest.ClientRuntime.xml",
        "microsoft.rest.clientruntime.2.3.10.nupkg.sha512",
        "microsoft.rest.clientruntime.nuspec"
      ]
    },
    "Microsoft.VisualStudio.OLE.Interop/7.10.6071": {
      "sha512": "PuINhJH41DbKfkNU+qcyC4Wlt/z0DgI/ViZv6gjUclylnFbUIpCdqm4fK+PKJDfiarHTKnGWkxjKuOIS1Bqs5Q==",
      "type": "package",
      "path": "microsoft.visualstudio.ole.interop/7.10.6071",
      "files": [
        "lib/Microsoft.VisualStudio.OLE.Interop.dll",
        "lib/Microsoft.VisualStudio.OLE.Interop.xml",
        "microsoft.visualstudio.ole.interop.7.10.6071.nupkg.sha512",
        "microsoft.visualstudio.ole.interop.nuspec"
      ]
    },
    "Newtonsoft.Json/10.0.3": {
      "sha512": "hSXaFmh7hNCuEoC4XNY5DrRkLDzYHqPx/Ik23R4J86Z7PE/Y6YidhG602dFVdLBRSdG6xp9NabH3dXpcoxWvww==",
      "type": "package",
      "path": "newtonsoft.json/10.0.3",
      "files": [
        "LICENSE.md",
        "lib/net20/Newtonsoft.Json.dll",
        "lib/net20/Newtonsoft.Json.xml",
        "lib/net35/Newtonsoft.Json.dll",
        "lib/net35/Newtonsoft.Json.xml",
        "lib/net40/Newtonsoft.Json.dll",
        "lib/net40/Newtonsoft.Json.xml",
        "lib/net45/Newtonsoft.Json.dll",
        "lib/net45/Newtonsoft.Json.xml",
        "lib/netstandard1.0/Newtonsoft.Json.dll",
        "lib/netstandard1.0/Newtonsoft.Json.xml",
        "lib/netstandard1.3/Newtonsoft.Json.dll",
        "lib/netstandard1.3/Newtonsoft.Json.xml",
        "lib/portable-net40+sl5+win8+wp8+wpa81/Newtonsoft.Json.dll",
        "lib/portable-net40+sl5+win8+wp8+wpa81/Newtonsoft.Json.xml",
        "lib/portable-net45+win8+wp8+wpa81/Newtonsoft.Json.dll",
        "lib/portable-net45+win8+wp8+wpa81/Newtonsoft.Json.xml",
        "newtonsoft.json.10.0.3.nupkg.sha512",
        "newtonsoft.json.nuspec",
        "tools/install.ps1"
      ]
    },
    "NPOI/2.4.1": {
      "sha512": "85790/CY9z4DCU1KLpcdLSqaqaqmQOenTqXJfcsYK8LIKNAAoTgjT5LYLbORgdwAd63sbaJiCfB1SIn/dAXrJw==",
      "type": "package",
      "path": "npoi/2.4.1",
      "files": [
        "LICENSE",
        "Read Me.txt",
        "lib/NPOI.xml",
        "lib/net40/NPOI.OOXML.dll",
        "lib/net40/NPOI.OpenXml4Net.dll",
        "lib/net40/NPOI.OpenXmlFormats.dll",
        "lib/net40/NPOI.dll",
        "lib/net45/NPOI.OOXML.dll",
        "lib/net45/NPOI.OpenXml4Net.dll",
        "lib/net45/NPOI.OpenXmlFormats.dll",
        "lib/net45/NPOI.dll",
        "lib/netstandard2.0/NPOI.OOXML.deps.json",
        "lib/netstandard2.0/NPOI.OOXML.dll",
        "lib/netstandard2.0/NPOI.OpenXml4Net.deps.json",
        "lib/netstandard2.0/NPOI.OpenXml4Net.dll",
        "lib/netstandard2.0/NPOI.OpenXmlFormats.deps.json",
        "lib/netstandard2.0/NPOI.OpenXmlFormats.dll",
        "lib/netstandard2.0/NPOI.deps.json",
        "lib/netstandard2.0/NPOI.dll",
        "logo/120_120.jpg",
        "logo/240_240.png",
        "logo/32_32.jpg",
        "logo/60_60.jpg",
        "npoi.2.4.1.nupkg.sha512",
        "npoi.nuspec"
      ]
    },
    "RestSharp/105.0.1": {
      "sha512": "2jEivNmSZFsK/iyoOu0l9+pEM2hXLQCvOQdLgQcr92cdnirl2xm+Wddy7lP6JTwZSLjAQ1ogHlal1tLu5hfZPw==",
      "type": "package",
      "path": "restsharp/105.0.1",
      "files": [
        "lib/net35-client/RestSharp.dll",
        "lib/net35-client/RestSharp.xml",
        "lib/net35/RestSharp.dll",
        "lib/net35/RestSharp.xml",
        "lib/net4-client/RestSharp.dll",
        "lib/net4-client/RestSharp.xml",
        "lib/net4/RestSharp.dll",
        "lib/net4/RestSharp.xml",
        "lib/sl4-wp71/RestSharp.WindowsPhone.dll",
        "lib/sl4-wp71/RestSharp.WindowsPhone.xml",
        "lib/sl4/RestSharp.Silverlight.dll",
        "lib/sl4/RestSharp.Silverlight.xml",
        "readme.txt",
        "restsharp.105.0.1.nupkg.sha512",
        "restsharp.nuspec"
      ]
    },
    "SharpZipLib/1.0.0": {
      "sha512": "YuYztmY3jEb21F6e5LIPHJjApdtzdCPQ284UzsCKNfkgW71bukFHJES6RbKi+wm053XzFg0LX5/2vj/9gl8F/g==",
      "type": "package",
      "path": "sharpziplib/1.0.0",
      "files": [
        "lib/net45/ICSharpCode.SharpZipLib.dll",
        "lib/net45/ICSharpCode.SharpZipLib.xml",
        "lib/netstandard2.0/ICSharpCode.SharpZipLib.dll",
        "lib/netstandard2.0/ICSharpCode.SharpZipLib.xml",
        "sharpziplib.1.0.0.nupkg.sha512",
        "sharpziplib.nuspec"
      ]
    },
    "UiPath/10.0.6929.25268": {
      "sha512": "WtksnbPlCcLZxNdg0Qx9k3tICYbXUu3q8qqddl6rSBfRUvWOCZEDKRJ1ojhxM9OlPoJtqCPKDJLT1Y/Jg7M7eA==",
      "type": "package",
      "path": "uipath/10.0.6929.25268",
      "files": [
        "build/UiPath.targets",
        "build/UiPath/BrowserNativeMessagingImpl.dll",
        "build/UiPath/FuncServer_x64.exe",
        "build/UiPath/FuncServer_x86.exe",
        "build/UiPath/JavaSupport/UiPathBridge.jar",
        "build/UiPath/JavaSupport/UiPathJBIntruder.jar",
        "build/UiPath/JavaSupport/UiPathV8.jar",
        "build/UiPath/JavaSupport/attach_x64/6/attach.dll",
        "build/UiPath/JavaSupport/attach_x64/7/attach.dll",
        "build/UiPath/JavaSupport/attach_x86/6/attach.dll",
        "build/UiPath/JavaSupport/attach_x86/7/attach.dll",
        "build/UiPath/JavaSupport/jaccess-1_2.jar",
        "build/UiPath/JavaSupport/jaccess-1_3.jar",
        "build/UiPath/JavaSupport/jaccess-1_4.jar",
        "build/UiPath/JavaSupport/jaccess.jar",
        "build/UiPath/JavaSupport/tools.jar",
        "build/UiPath/JavaSupport/xml-apis.jar",
        "build/UiPath/Resources/x32.manifest",
        "build/UiPath/Resources/x64.manifest",
        "build/UiPath/SLBroker.dll",
        "build/UiPath/SLBroker.xap",
        "build/UiPath/SLHook.dll",
        "build/UiPath/ShaferFilechck.dll",
        "build/UiPath/TCapture.dll",
        "build/UiPath/TCapture_x64.dll",
        "build/UiPath/UiEventHook.dll",
        "build/UiPath/UiEventHook_x64.dll",
        "build/UiPath/UiPath.dll",
        "build/UiPath/UiPathJavaBridgeImplV8.dll",
        "build/UiPath/UiPathJavaBridgeImplV8_x64.dll",
        "build/UiPath/UiPathJavaBridgeV8.dll",
        "build/UiPath/UiPathJavaBridgeV8_x64.dll",
        "build/UiPath/UiPathRemoteRuntime.exe",
        "build/UiPath/UiPathSLB.dll",
        "build/UiPath/UiPathSLB_x64.dll",
        "build/UiPath/UiPathVirtualChannelCitrix.dll",
        "build/UiPath/UiPathVirtualChannelRdp.dll",
        "build/UiPath/UiPath_x64.dll",
        "build/UiPath/aahook.dll",
        "build/UiPath/aahook_x64.dll",
        "build/UiPath/license.config",
        "build/UiPath/msvcr100.dll",
        "build/UiPath/slinject.exe",
        "build/UiPath/x64/ShaferFilechck_x64.DLL",
        "build/UiPath/x64/msvcr100.dll",
        "lib/UiPath.Interop.dll",
        "uipath.10.0.6929.25268.nupkg.sha512",
        "uipath.nuspec"
      ]
    },
    "UiPath.Excel.Activities/2.5.1": {
      "sha512": "Xpa55OCk9Z5I5PVUvE5bQFPPVIeSQTgl6boW+FdL4vdVUecFDdH1hipW4P/60kr7XsaTgnsJLZesqgKmJbjXEw==",
      "type": "package",
      "path": "uipath.excel.activities/2.5.1",
      "files": [
        "lib/net452/UiPath.Excel.Activities.Design.dll",
        "lib/net452/UiPath.Excel.Activities.dll",
        "lib/net452/UiPath.Excel.dll",
        "lib/net452/fr/UiPath.Excel.Activities.Design.resources.dll",
        "lib/net452/fr/UiPath.Excel.Activities.resources.dll",
        "lib/net452/fr/UiPath.Excel.resources.dll",
        "lib/net452/ja/UiPath.Excel.Activities.Design.resources.dll",
        "lib/net452/ja/UiPath.Excel.Activities.resources.dll",
        "lib/net452/ja/UiPath.Excel.resources.dll",
        "lib/net452/ru/UiPath.Excel.Activities.Design.resources.dll",
        "lib/net452/ru/UiPath.Excel.Activities.resources.dll",
        "lib/net452/ru/UiPath.Excel.resources.dll",
        "uipath.excel.activities.2.5.1.nupkg.sha512",
        "uipath.excel.activities.nuspec"
      ]
    },
    "UiPath.Mail.Activities/1.3.0": {
      "sha512": "WOCrTHJWhn8MncsdC0K+fbjr9ezI0CynqNCY3MQyjbdTJHlmKvG69kC1/XgdHry0r9hknq2dhB4esgyC5jzmsw==",
      "type": "package",
      "path": "uipath.mail.activities/1.3.0",
      "files": [
        "lib/net452/MailKit.dll",
        "lib/net452/MailKit.xml",
        "lib/net452/MimeKit.dll",
        "lib/net452/MimeKit.xml",
        "lib/net452/UiPath.Mail.Activities.Design.dll",
        "lib/net452/UiPath.Mail.Activities.dll",
        "lib/net452/UiPath.Mail.dll",
        "lib/net452/fr/UiPath.Mail.Activities.Design.resources.dll",
        "lib/net452/fr/UiPath.Mail.Activities.resources.dll",
        "lib/net452/fr/UiPath.Mail.resources.dll",
        "lib/net452/ja/UiPath.Mail.Activities.Design.resources.dll",
        "lib/net452/ja/UiPath.Mail.Activities.resources.dll",
        "lib/net452/ja/UiPath.Mail.resources.dll",
        "lib/net452/ru/UiPath.Mail.Activities.Design.resources.dll",
        "lib/net452/ru/UiPath.Mail.Activities.resources.dll",
        "lib/net452/ru/UiPath.Mail.resources.dll",
        "uipath.mail.activities.1.3.0.nupkg.sha512",
        "uipath.mail.activities.nuspec"
      ]
    },
    "UiPath.System.Activities/18.4.2": {
      "sha512": "AbRu7ROOp5f2WDpuQNcQalwjusixbIAlP+rzdSKCmXnaW8J8E969GSoxeCf2nk010c4NOvqQQM5NAd8xdfJgFg==",
      "type": "package",
      "path": "uipath.system.activities/18.4.2",
      "files": [
        "lib/net461/ActiproSoftware.Docking.Wpf.dll",
        "lib/net461/ActiproSoftware.Ribbon.Wpf.dll",
        "lib/net461/ActiproSoftware.Shared.Wpf.dll",
        "lib/net461/ActiproSoftware.SyntaxEditor.Addons.DotNet.Wpf.dll",
        "lib/net461/ActiproSoftware.SyntaxEditor.Wpf.dll",
        "lib/net461/ActiproSoftware.Text.Addons.DotNet.Wpf.dll",
        "lib/net461/ActiproSoftware.Text.LLParser.Wpf.dll",
        "lib/net461/ActiproSoftware.Text.Wpf.dll",
        "lib/net461/ActiproSoftware.Wizard.Wpf.dll",
        "lib/net461/UiPath.OrchestratorClient.dll",
        "lib/net461/UiPath.System.Activities.Design.dll",
        "lib/net461/UiPath.System.Activities.dll",
        "lib/net461/fr/UiPath.System.Activities.Design.resources.dll",
        "lib/net461/fr/UiPath.System.Activities.resources.dll",
        "lib/net461/ja/UiPath.System.Activities.Design.resources.dll",
        "lib/net461/ja/UiPath.System.Activities.resources.dll",
        "lib/net461/ru/UiPath.System.Activities.Design.resources.dll",
        "lib/net461/ru/UiPath.System.Activities.resources.dll",
        "uipath.system.activities.18.4.2.nupkg.sha512",
        "uipath.system.activities.nuspec"
      ]
    },
    "UiPath.UIAutomation.Activities/18.4.3": {
      "sha512": "uM6KCbJzxv/OcUbOfyYVqJqQ9f5naEW8TT/2MO3+zpFAyRUhNhkUSyJysQNkuEJtT+RFxanKUVGwa0RYsswoxA==",
      "type": "package",
      "path": "uipath.uiautomation.activities/18.4.3",
      "files": [
        "build/ActiproSoftware.Docking.Wpf.dll",
        "build/ActiproSoftware.Editors.Wpf.dll",
        "build/ActiproSoftware.Ribbon.Wpf.dll",
        "build/ActiproSoftware.Shared.Wpf.dll",
        "build/ActiproSoftware.SyntaxEditor.Addons.DotNet.Wpf.dll",
        "build/ActiproSoftware.SyntaxEditor.Wpf.dll",
        "build/ActiproSoftware.Text.Addons.DotNet.Wpf.dll",
        "build/ActiproSoftware.Text.LLParser.Wpf.dll",
        "build/ActiproSoftware.Text.Wpf.dll",
        "build/ActiproSoftware.Wizard.Wpf.dll",
        "build/Caliburn.Micro.Platform.Core.dll",
        "build/Caliburn.Micro.Platform.dll",
        "build/Caliburn.Micro.dll",
        "build/ICSharpCode.AvalonEdit.dll",
        "build/System.Windows.Interactivity.dll",
        "build/UiExplorer.exe",
        "build/UiExplorer.exe.config",
        "build/UiPath.Activities.Contracts.dll",
        "build/UiPath.UiAutomation.Activities.dll",
        "build/fr/UiExplorer.resources.dll",
        "build/fr/UiPath.UiAutomation.Activities.resources.dll",
        "build/ja/UiExplorer.resources.dll",
        "build/ja/UiPath.UiAutomation.Activities.resources.dll",
        "build/ru/UiExplorer.resources.dll",
        "build/ru/UiPath.UiAutomation.Activities.resources.dll",
        "lib/net461/ActiproSoftware.Docking.Wpf.dll",
        "lib/net461/ActiproSoftware.Editors.Wpf.dll",
        "lib/net461/ActiproSoftware.Ribbon.Wpf.dll",
        "lib/net461/ActiproSoftware.Shared.Wpf.dll",
        "lib/net461/ActiproSoftware.SyntaxEditor.Addons.DotNet.Wpf.dll",
        "lib/net461/ActiproSoftware.SyntaxEditor.Wpf.dll",
        "lib/net461/ActiproSoftware.Text.Addons.DotNet.Wpf.dll",
        "lib/net461/ActiproSoftware.Text.LLParser.Wpf.dll",
        "lib/net461/ActiproSoftware.Text.Wpf.dll",
        "lib/net461/ActiproSoftware.Wizard.Wpf.dll",
        "lib/net461/UiPath.UIAutomation.Activities.Design.dll",
        "lib/net461/UiPath.UiAutomation.Activities.dll",
        "lib/net461/UiPath.Wizards.dll",
        "lib/net461/fr/UiPath.UIAutomation.Activities.Design.resources.dll",
        "lib/net461/fr/UiPath.UiAutomation.Activities.resources.dll",
        "lib/net461/fr/UiPath.Wizards.resources.dll",
        "lib/net461/ja/UiPath.UIAutomation.Activities.Design.resources.dll",
        "lib/net461/ja/UiPath.UiAutomation.Activities.resources.dll",
        "lib/net461/ja/UiPath.Wizards.resources.dll",
        "lib/net461/ru/UiPath.UIAutomation.Activities.Design.resources.dll",
        "lib/net461/ru/UiPath.UiAutomation.Activities.resources.dll",
        "lib/net461/ru/UiPath.Wizards.resources.dll",
        "uipath.uiautomation.activities.18.4.3.nupkg.sha512",
        "uipath.uiautomation.activities.nuspec"
      ]
    },
    "UiPath.Vision/1.2.0": {
      "sha512": "Rg2VNaClAtSEADA1oC/K1pQIhJMVXmb27nvSpQOQqP0lJ8v2qlXqjO5czl0EpIS91/VBdoqKm7RCu18g3/rwlw==",
      "type": "package",
      "path": "uipath.vision/1.2.0",
      "files": [
        "build/AForge.Imaging.dll",
        "build/AForge.Math.dll",
        "build/AForge.dll",
        "build/AbbyyOnlineSdk.dll",
        "build/BouncyCastle.Crypto.dll",
        "build/Emgu.CV.World.dll",
        "build/Exceptionless.dll",
        "build/Google.Apis.Auth.PlatformServices.dll",
        "build/Google.Apis.Auth.dll",
        "build/Google.Apis.Core.dll",
        "build/Google.Apis.PlatformServices.dll",
        "build/Google.Apis.Vision.v1.dll",
        "build/Google.Apis.dll",
        "build/Microsoft.ProjectOxford.Vision.dll",
        "build/Microsoft.VisualStudio.TestPlatform.MSTest.TestAdapter.dll",
        "build/Microsoft.VisualStudio.TestPlatform.MSTestAdapter.PlatformServices.Interface.dll",
        "build/Microsoft.VisualStudio.TestPlatform.MSTestAdapter.PlatformServices.dll",
        "build/Microsoft.VisualStudio.TestPlatform.TestFramework.Extensions.dll",
        "build/Microsoft.VisualStudio.TestPlatform.TestFramework.dll",
        "build/NLog.dll",
        "build/Newtonsoft.Json.dll",
        "build/Shouldly.dll",
        "build/System.ValueTuple.dll",
        "build/UiPath.NeuralNet.Tensorflow.dll",
        "build/UiPath.NeuralNet.dll",
        "build/UiPath.Vision.Core.dll",
        "build/UiPath.Vision.Host32.exe",
        "build/UiPath.Vision.Host32.exe.config",
        "build/UiPath.Vision.Package.dll",
        "build/UiPath.Vision.dll",
        "build/ZedGraph.dll",
        "build/Zlib.Portable.dll",
        "build/log4net.dll",
        "build/nlog.config",
        "build/tessdata/eng.traineddata",
        "build/x86/concrt140.dll",
        "build/x86/cvextern.dll",
        "build/x86/msvcp140.dll",
        "build/x86/opencv_ffmpeg341.dll",
        "build/x86/tbb.dll",
        "build/x86/vcruntime140.dll",
        "lib/net452/UiPath.NeuralNet.dll",
        "lib/net452/UiPath.Vision.Core.dll",
        "lib/net452/UiPath.Vision.Package.dll",
        "lib/net452/UiPath.Vision.dll",
        "uipath.vision.1.2.0.nupkg.sha512",
        "uipath.vision.nuspec"
      ]
    },
    "UiPathTeam.Salesforce.Lightning_Platform.Activities/1.0.0.725": {
      "sha512": "DSau0cd+6z5msD9YL/IfB8Zfp+D+JKmVe4pSU878eN+kGsKCFvpNFulv5Af3vSejReMmFZ5r/unh3CFYSaUGBw==",
      "type": "package",
      "path": "uipathteam.salesforce.lightning_platform.activities/1.0.0.725",
      "files": [
        "lib/net452/UiPathTeam.Salesforce.Lightning_Platform.Activities.dll",
        "lib/net452/UiPathTeam.Salesforce.Lightning_Platform.dll",
        "uipathteam.salesforce.lightning_platform.activities.1.0.0.725.nupkg.sha512",
        "uipathteam.salesforce.lightning_platform.activities.nuspec"
      ]
    }
  },
  "projectFileDependencyGroups": {
    "": [],
    ".NETFramework,Version=v4.6.1": [
      "UiPath.Excel.Activities >= 2.5.1 <= 2.5.1",
      "UiPath.Mail.Activities >= 1.3.0 <= 1.3.0",
      "UiPath.System.Activities >= 18.4.2 <= 18.4.2",
      "UiPath.UIAutomation.Activities >= 18.4.3 <= 18.4.3",
      "UiPathTeam.Salesforce.Lightning_Platform.Activities >= 1.0.0.725 <= 1.0.0.725"
    ]
  },
  "packageFolders": {
    "C:\\Users\\svc.devbot6\\.nuget\\packages\\": {}
  },
  "project": {
    "restore": {
      "projectUniqueName": "TestBotPUA",
      "projectName": "TestBotPUA",
      "projectPath": "C:\\Users\\svc.devbot6\\Documents\\UiPath\\TestBotPUA\\.local",
      "packagesPath": "C:\\Users\\svc.devbot6\\.nuget\\packages\\",
      "outputPath": "C:\\Users\\svc.devbot6\\Documents\\UiPath\\TestBotPUA\\.local"
    },
    "frameworks": {
      "net461": {
        "dependencies": {
          "UiPath.Excel.Activities": {
            "include": "Runtime",
            "target": "Package",
            "version": "[2.5.1, 2.5.1]"
          },
          "UiPath.Mail.Activities": {
            "include": "Runtime",
            "target": "Package",
            "version": "[1.3.0, 1.3.0]"
          },
          "UiPath.System.Activities": {
            "include": "Runtime",
            "target": "Package",
            "version": "[18.4.2, 18.4.2]"
          },
          "UiPath.UIAutomation.Activities": {
            "include": "Runtime",
            "target": "Package",
            "version": "[18.4.3, 18.4.3]"
          },
          "UiPathTeam.Salesforce.Lightning_Platform.Activities": {
            "include": "Runtime",
            "target": "Package",
            "version": "[1.0.0.725, 1.0.0.725]"
          }
        }
      }
    }
  }
}